Fund Name,P1,P2,P3,P4,P5,Topsis Score,Rank
M1,0.68,0.74,5.1,52.3,14.6,0.4400715685244305,6
M2,0.81,0.77,6.4,47.8,11.2,0.4556139753785665,4
M3,0.76,0.69,5.7,61.5,17.1,0.40619588160259157,7
M4,0.9,0.85,4.0,44.2,10.5,0.6951912192954882,2
M5,0.71,0.63,4.4,56.9,15.8,0.4775823553086907,3
M6,0.84,0.8,6.8,38.6,9.8,0.4434434509721392,5
M7,0.92,0.88,3.5,46.1,12.1,0.7097422065922256,1
M8,0.79,0.72,5.9,50.4,13.9,0.3927568292812481,8
